Name,Rank
Kom.komglid.01,1
Aun.Kanawat.01,1
ETC 8291,1
ORG 7885,1
Joke.warong.06,1
Phat.Phatnaree.01,1
Chainarong.Thebesttraining.01,1
ORG 7888,1
RF 8267,1
Ake.Adisorn.02,1
Joe.Bunnak.01,1
Unn.wongsiri.02,1
Boy.Startcourse.04,1
Mark.Samak.01,1
Yam.Tanainan.01,1
Kwanrudee.03,1
Kwanrudee.02,1
Unn.wongsiri.01,1
ball.Yuttana.01,1
sine.apinya.01,1
MOL 6592,1
Fai.Paphitchaya.01,1
ORG 6443,1
Fook.Pichai.01,1
RF 6431,1
New.Eakpob.02,1
Yai.Worawut.01,1
ORG 6262,1
Aob.Aobkwan.05,1
Aon.Kritsana.04,1
Joke.warong.04,1
Joke.warong.03,1
Reawadee.04,1
Reawadee.03,1
Reawadee.02,1
Reawadee.01,1
e.ekkapoj.01,1
essras.02,1
pui.chukiat.01,1
Nok.Paisal.02,1
Nok.Paisal.01,1
Khaooat.Kridsanapong.02,1
Khaooat.Kridsanapong.01,1
Kook.Sattha.02,1
Kook.Sattha.01,1
Aob.Aobkwan.04,1
Aob.Aobkwan.03,1
Aob.Aobkwan.02,1
Aom.Aurathai.03,1
Aom.Aurathai.02,1
Boong.Tinnagorn.01,1
Aoy.Thidarat.01,1
Boat.Rapeepak.01,1
Boy.Startcourse.02,1
kai.surus.01,1
Hatthakon.01,1
Kwang.Kanyanat.01,1
Boy.Startcourse.01,1
Tan.Krittachai.01,1
Aob.Aobkwan.01,1
niwat.churat.01,1
yut.sensei.02,1
hugo.sittichai.01,1
hugo.sittichai.02,1
nan.nantpipat.06,1
kaosuay.jaraskorn.01,1
yoong.phayoongsak.02,1
tingly.rachata.06,1
tingly.rachata.01,1
tingly.rachata.02,1
tingly.rachata.03,1
tingly.rachata.04,1
tingly.rachata.05,1
Ake.Adisorn.01,1
MOL 6141,1
ORG 5990,1
ORG 4811,1
ETC 4748,1
CC 3690,1
RF 5422,1
MOL 5181,1
ORG 1592,1
OLD 129,1
MOL 3103,1
MOL 4370,1
ETC 8742,2
Jom.Pornsawan.01,2
Jom.Pornsawan.05,2
Jom.Pornsawan.03,2
Jom.Pornsawan.02,2
Boy.Startcourse.03,2
Sorn.Pisuttisak.01,2
Neung.dailycious.02,3
Bankruputhetutor.01,3
MOL 5202,3
cake.kunchanok.01,4
One.Chonlada.02,4
Ing.Anongphang.01,4
Ing.Anongphang.02,4
Puu.Researcher.02,5
ETC 6514,5
Mind.English.03,5
Ploy.Patchara.04,5